Reference,Sample ID,Expected variant,Expected detail
demo_plasmid_01.fasta,ONT_sample_01,None,Reference match
demo_plasmid_01.fasta,ONT_sample_02,SNP,301:T>A
demo_plasmid_01.fasta,ONT_sample_03,Insertion,A inserted after reference position 701
demo_plasmid_02.fasta,ONT_sample_04,None,Reference match
demo_plasmid_02.fasta,ONT_sample_05,SNP,301:A>C
demo_plasmid_02.fasta,ONT_sample_06,Deletion,A deleted at reference position 701
demo_plasmid_03.fasta,ONT_sample_07,None,Reference match
demo_plasmid_03.fasta,ONT_sample_08,SNP,301:A>C
demo_plasmid_03.fasta,ONT_sample_09,Insertion,A inserted after reference position 701
demo_plasmid_04.fasta,ONT_sample_10,None,Reference match
demo_plasmid_04.fasta,ONT_sample_11,SNP,301:C>G
demo_plasmid_04.fasta,ONT_sample_12,Deletion,G deleted at reference position 701
demo_plasmid_05.fasta,ONT_sample_13,None,Reference match
demo_plasmid_05.fasta,ONT_sample_14,SNP,301:G>T
demo_plasmid_05.fasta,ONT_sample_15,Insertion,A inserted after reference position 701
